msgStamp,wmid,adjMid,volume,cashflow,ret_5m,cashflow_per_volume
2014-03-17 00:00:00-04:00,1833.6036585365853,2012.5018722918373,671.0,827.0,-0.0002726653033402471,1.232488822652757
2014-03-17 18:20:00-04:00,1851.9814049586778,2032.5308616138966,187.0,-294.0,-0.00013498920086396637,-1.572192513368984
2014-03-17 19:50:00-04:00,1852.390625,2032.805231330637,178.0,-247.0,-0.000269941962478093,-1.3876404494382022
2014-03-17 19:55:00-04:00,1851.705357142857,2032.256491897156,311.0,526.0,,1.6913183279742765
2014-03-18 01:00:00-04:00,1852.914691943128,2033.353970764118,32.0,-51.0,0.0,-1.59375
2014-03-18 01:10:00-04:00,1852.5892857142858,2033.353970764118,33.0,-37.0,0.00013493455674007393,-1.121212121212121
2014-03-18 02:50:00-04:00,1850.0553359683795,2030.3359038799722,168.0,-192.0,0.0,-1.1428571428571428
2014-03-18 19:00:00-04:00,1862.907894736842,2044.60312915048,34.0,-100.0,0.0,-2.9411764705882355
2014-03-19 20:30:00-04:00,1851.7073170731708,2032.256491897156,99.0,101.0,-0.00027001485081668,1.02020202020202
2014-03-19 20:40:00-04:00,1851.3233333333333,2031.9821221804154,876.0,-918.0,0.0001350256548744433,-1.047945205479452
2014-03-20 21:05:00-04:00,1864.5766509433963,2046.2493474509233,84.0,134.0,0.0,1.5952380952380953
2014-03-21 01:55:00-04:00,1866.8854166666667,2048.993044618329,138.0,141.0,0.0,1.0217391304347827
2014-03-21 02:50:00-04:00,1869.2182835820895,2051.4623720689933,138.0,142.0,-0.0002674869600106655,1.0289855072463767
2014-06-15 19:15:00-04:00,1925.6972361809046,2121.5039197350934,32.0,-34.0,0.0,-1.0625
2014-06-15 20:00:00-04:00,,,275.0,297.0,,1.08
2014-06-15 22:45:00-04:00,1922.550909090909,2118.198967503908,183.0,193.0,-0.00013002210375767653,1.0546448087431695
2014-06-15 22:55:00-04:00,1922.6076555023924,2117.923554817976,78.0,126.0,0.0,1.6153846153846154
2014-06-16 00:20:00-04:00,1921.386524822695,2116.8219040742474,40.0,41.0,0.0,1.025
2014-06-16 01:10:00-04:00,1922.156015037594,2117.6481421320436,61.0,83.0,0.0,1.360655737704918
2014-06-16 01:20:00-04:00,1922.3835078534032,2117.923554817976,375.0,387.0,0.0,1.032
2014-06-16 01:30:00-04:00,1922.4211538461539,2117.6481421320436,244.0,282.0,0.00013005592404735644,1.1557377049180328
2014-06-16 02:20:00-04:00,1923.8764150943396,2119.5760309335683,279.0,327.0,-0.00012993762993751545,1.1720430107526882
2014-06-16 02:50:00-04:00,1922.8762626262626,2118.198967503908,342.0,-447.0,0.0001300221037574545,-1.3070175438596492
2014-06-16 02:55:00-04:00,1922.8821585903083,2118.47438018984,56.0,126.0,-0.00026001040041589984,2.25
2014-06-16 07:15:00-04:00,1923.38876146789,2118.749792875772,120.0,-135.0,0.0,-1.125
2014-06-16 17:10:00-04:00,1929.147967479675,2125.084284652211,81.0,127.0,0.00012960082944513118,1.5679012345679013
2014-06-16 19:00:00-04:00,1929.842803030303,2125.910522710007,8.0,-16.0,0.0001295504599041486,-2.0
2014-06-16 19:45:00-04:00,1929.828125,2125.910522710007,64.0,-86.0,0.0,-1.34375
2014-06-16 19:50:00-04:00,1929.9049295774648,2125.910522710007,2.0,-26.0,0.0,-13.0
2014-06-16 21:15:00-04:00,1930.7242268041236,2127.0121734537356,224.0,236.0,0.00012948336138807193,1.0535714285714286
2014-06-16 22:30:00-04:00,1932.1785714285713,2128.3892368833963,58.0,66.0,-0.000129399585921397,1.1379310344827587
2014-06-16 22:40:00-04:00,1931.6088588588589,2128.113824197464,37.0,51.0,-0.00012941633234120342,1.3783783783783783
2014-06-17 00:10:00-04:00,1931.7079326923076,2127.838411511532,1.0,-4.0,0.0001294330830960977,-4.0
2014-06-17 00:35:00-04:00,1931.3670212765958,2127.5629988256,8.0,-16.0,0.00025889967637526823,-2.0
2014-06-17 01:00:00-04:00,1932.1125,2128.6646495693285,58.0,70.0,0.0,1.206896551724138
2014-06-17 01:50:00-04:00,1931.567857142857,2127.838411511532,2.0,34.0,-0.00012943308309587565,17.0
2014-06-17 02:30:00-04:00,1931.4102316602316,2127.838411511532,29.0,-32.0,0.0,-1.103448275862069
2014-06-17 16:50:00-04:00,1934.2200635817733,2130.8679510567854,27.0,-67.0,0.0,-2.4814814814814814
2014-06-17 17:10:00-04:00,1934.4777963582312,2130.8679510567854,493.0,701.0,-0.00012924906294431437,1.4219066937119675
2014-06-17 19:25:00-04:00,1934.210597826087,2130.592538370853,12.0,-20.0,0.0,-1.6666666666666667
2014-06-17 20:25:00-04:00,1933.3672480620155,2130.0417129989887,65.0,135.0,0.0,2.076923076923077
2014-06-17 20:35:00-04:00,1933.3916666666667,2130.0417129989887,35.0,48.0,0.0,1.3714285714285714
2014-06-18 00:05:00-04:00,1934.7111111111112,2131.143363742717,11.0,-20.0,0.00012923235978301584,-1.8181818181818181
2014-06-18 00:30:00-04:00,1934.8705673758866,2131.6941891145816,83.0,126.0,0.0,1.5180722891566265
2014-06-18 01:30:00-04:00,1935.1243902439023,2131.969601800514,28.0,41.0,-0.0001291822761917416,1.4642857142857142
2014-06-18 21:10:00-04:00,1949.6347402597403,2147.6681248986442,156.0,160.0,0.00025647601949230214,1.0256410256410255
2014-06-18 23:20:00-04:00,1949.5584677419354,2147.6681248986442,49.0,-57.0,0.00012823800974604005,-1.163265306122449
2014-06-19 00:05:00-04:00,1949.951171875,2148.2189502705087,66.0,-81.0,0.0,-1.2272727272727273
2014-06-19 00:30:00-04:00,1949.567857142857,2147.6681248986442,49.0,-50.0,0.00012823800974604005,-1.0204081632653061
2014-06-19 06:05:00-04:00,1949.5979923518164,2147.6681248986442,165.0,192.0,-0.00012823800974615107,1.1636363636363636
2014-06-19 22:55:00-04:00,1950.0981404958677,2148.494362956441,80.0,89.0,0.00012818869375696984,1.1125
2014-06-19 23:30:00-04:00,1950.1240157480315,2148.494362956441,67.0,81.0,-0.0002563773875144948,1.208955223880597
2014-06-20 00:10:00-04:00,1949.7272727272727,2147.9435375845765,78.0,80.0,-0.0002564431337351847,1.0256410256410255
2014-06-20 01:00:00-04:00,1949.9128289473683,2148.2189502705087,207.0,-224.0,0.0,-1.0821256038647342
2014-06-20 01:55:00-04:00,1949.3582317073171,2147.392712212712,36.0,-44.0,0.0,-1.2222222222222223
2014-06-20 04:50:00-04:00,1950.4005190311418,2148.7697756423727,591.0,740.0,-0.0001281722635220195,1.252115059221658
2014-09-14 18:30:00-04:00,1970.3871951219512,2179.4241423381427,233.0,-251.0,0.00012688745083111463,-1.0772532188841202
2014-09-14 20:00:00-04:00,,,396.0,420.0,,1.0606060606060606
2014-09-14 21:05:00-04:00,1969.6214285714286,2178.59451761704,180.0,-186.0,0.0,-1.0333333333333334
2014-09-14 23:10:00-04:00,1969.5513245033112,2178.59451761704,396.0,-403.0,0.00012693577050004734,-1.0176767676767677
2014-09-15 00:25:00-04:00,1969.3128415300546,2178.3179760433386,86.0,-122.0,0.0001269518852355933,-1.4186046511627908
2014-09-15 00:30:00-04:00,1969.4171779141104,2178.59451761704,58.0,65.0,0.0002538715410003167,1.1206896551724137
2014-09-15 01:30:00-04:00,1969.85140562249,2179.147600764442,185.0,407.0,0.0,2.2
2014-09-15 01:40:00-04:00,1969.8342036553524,2179.147600764442,286.0,629.0,-0.00012690355329958436,2.199300699300699
2014-09-15 01:50:00-04:00,1969.8180555555555,2178.8710591907407,569.0,1044.0,0.0,1.834797891036907
2014-09-15 01:55:00-04:00,1969.8501243781095,2178.8710591907407,11.0,80.0,0.0,7.2727272727272725
2014-09-15 02:25:00-04:00,1970.3877551020407,2179.4241423381427,56.0,-73.0,0.0002537749016624513,-1.3035714285714286
2014-09-15 02:40:00-04:00,1970.8603723404256,2179.977225485545,77.0,134.0,0.00012685525815037124,1.7402597402597402
2014-09-15 03:00:00-04:00,1970.6486784140968,2179.977225485545,218.0,-239.0,-0.00012685525815048226,-1.0963302752293578
2014-09-15 05:45:00-04:00,1971.8214285714287,2181.0833917803493,124.0,125.0,0.0,1.0080645161290323
2014-09-15 18:45:00-04:00,1976.3595923261391,2186.3376816806694,13.0,16.0,0.0,1.2307692307692308
2014-09-15 18:50:00-04:00,1976.362354085603,2186.3376816806694,32.0,37.0,0.0,1.15625
2014-09-15 19:15:00-04:00,1976.351226993865,2186.3376816806694,15.0,20.0,-0.0001264862130027078,1.3333333333333333
2014-09-15 19:40:00-04:00,1976.3550598205384,2186.3376816806694,9.0,13.0,0.0,1.4444444444444444
2014-09-15 20:45:00-04:00,1976.519145146928,2186.3376816806694,23.0,42.0,0.0,1.826086956521739
2014-09-15 21:20:00-04:00,1976.5653779322329,2186.6142232543707,150.0,176.0,-0.00012647021626410737,1.1733333333333333
2014-09-15 21:35:00-04:00,1976.5752014324082,2186.6142232543707,59.0,64.0,-0.00012647021626410737,1.0847457627118644
2014-09-15 23:20:00-04:00,1976.160071942446,2186.0611401069687,41.0,58.0,0.0,1.4146341463414633
2014-09-15 23:40:00-04:00,1975.91301369863,2185.7845985332674,117.0,-253.0,-0.00012651821862330603,-2.1623931623931623
2014-09-15 23:45:00-04:00,1975.689170182841,2185.5080569595666,544.0,-565.0,-0.00012653422750863452,-1.0386029411764706
2014-09-15 23:50:00-04:00,1975.6644993498048,2185.2315153858654,109.0,-279.0,0.0001265502404454999,-2.5596330275229358
2014-09-16 00:00:00-04:00,1975.7382305194806,2185.5080569595666,88.0,89.0,0.0,1.0113636363636365
2014-09-16 01:10:00-04:00,1976.1510416666667,2186.0611401069687,135.0,170.0,0.0,1.2592592592592593
2014-09-16 20:00:00-04:00,,,27.0,32.0,,1.1851851851851851
2014-09-16 20:25:00-04:00,1990.8552631578948,2202.3770929553316,82.0,-84.0,-0.00012556504269201074,-1.024390243902439
2014-09-16 22:55:00-04:00,1990.5652866242037,2201.8240098079295,112.0,-119.0,-0.00012559658377275795,-1.0625
2014-09-17 00:00:00-04:00,1990.6380813953488,2202.100551381631,16.0,22.0,-0.00012558081125213505,1.375
2014-09-17 00:30:00-04:00,1990.138888888889,2201.2709266605275,6.0,-11.0,0.00012562814070360417,-1.8333333333333333
2014-09-17 00:40:00-04:00,1990.1571906354516,2201.5474682342287,22.0,35.0,0.00012561236025621092,1.5909090909090908
2014-09-17 00:50:00-04:00,1990.3531073446327,2201.8240098079295,0.0,-4.0,0.0,-inf
2014-09-17 01:20:00-04:00,1990.1762948207172,2201.5474682342287,12.0,17.0,-0.00012561236025632194,1.4166666666666667
2014-09-17 01:55:00-04:00,1990.3686868686868,2201.5474682342287,45.0,49.0,0.00012561236025621092,1.0888888888888888
2014-09-17 18:40:00-04:00,1994.1226765799256,2205.695591839745,114.0,-210.0,0.0001253761283850352,-1.8421052631578947
2014-09-17 19:05:00-04:00,1994.1163793103449,2205.695591839745,55.0,59.0,0.0,1.0727272727272728
2014-09-17 20:50:00-04:00,1993.391812865497,2205.1425086923427,166.0,170.0,-0.00012540757461754204,1.0240963855421688
2014-09-17 22:45:00-04:00,1994.128125,2205.695591839745,32.0,-38.0,-0.00012537612838525725,-1.1875
2014-09-17 23:55:00-04:00,1994.6610824742268,2206.525216560848,38.0,39.0,-0.00012532898859518582,1.0263157894736843
2014-09-18 01:00:00-04:00,1994.5971502590673,2206.248674987147,1.0,-2.0,0.00025068939583849925,-2.0
2014-09-18 05:00:00-04:00,1998.3649598393574,2210.673340166364,620.0,634.0,0.0002501876407305925,1.0225806451612902
2014-09-18 20:55:00-04:00,2008.358630952381,2221.4584615407057,189.0,-191.0,0.0,-1.0105820105820107
2014-12-15 02:40:00-05:00,1999.658560311284,2219.332752519458,908.0,-1178.0,0.00025006251562875725,-1.2973568281938326
2014-12-18 21:05:00-05:00,2059.4125,2285.929384252975,586.0,620.0,-0.00012138868657451951,1.0580204778156996
2014-12-18 23:50:00-05:00,2060.9266304347825,2287.594300046313,166.0,227.0,0.0,1.3674698795180722
2015-03-15 19:20:00-04:00,2039.796875,2272.6693196990955,149.0,-178.0,0.00036764705882363913,-1.1946308724832215
2015-03-16 00:15:00-04:00,2044.403735632184,2277.4040474484686,43.0,106.0,0.00012229423994125632,2.4651162790697674
2015-03-16 01:20:00-04:00,2044.1327586206896,2277.1255340514467,8.0,-28.0,0.0004892367906066397,-3.5
2015-03-16 01:55:00-04:00,2044.9166666666667,2278.2395876395344,47.0,60.0,-0.00012224938875304847,1.2765957446808511
2015-03-16 02:50:00-04:00,2045.371794871795,2278.7966144335783,3.0,18.0,-0.00012221950623314548,6.0
2015-03-16 18:50:00-04:00,2066.09765625,2301.6347129893784,85.0,-173.0,0.0,-2.0352941176470587
2015-03-16 19:10:00-04:00,2065.978813559322,2301.6347129893784,48.0,93.0,0.0001210067763794953,1.9375
2015-03-16 19:15:00-04:00,2066.220472440945,2301.9132263864003,242.0,250.0,-0.0001209921355111998,1.0330578512396693
2015-03-16 20:00:00-04:00,,,168.0,265.0,,1.5773809523809523
2015-03-16 23:00:00-04:00,2066.155701754386,2301.6347129893784,6.0,9.0,0.0,1.5
2015-03-17 00:10:00-04:00,2066.8778625954196,2302.748766577466,139.0,159.0,0.0,1.143884892086331
2015-03-17 00:50:00-04:00,2067.044117647059,2303.027279974488,21.0,-24.0,0.0,-1.1428571428571428
2015-03-17 01:10:00-04:00,2066.425480769231,2302.1917397834222,30.0,-56.0,0.00012097749818540393,-1.8666666666666667
2015-03-17 18:50:00-04:00,2066.2109375,2301.6347129893784,35.0,-46.0,0.0,-1.3142857142857143
2015-03-17 19:20:00-04:00,2066.5305555555556,2302.470253180444,34.0,45.0,0.0,1.3235294117647058
2015-03-17 19:25:00-04:00,2066.608333333333,2302.470253180444,28.0,35.0,0.0,1.25
2015-03-18 00:00:00-04:00,2066.809090909091,2302.470253180444,27.0,40.0,0.00036288859320188216,1.4814814814814814
2015-03-18 01:05:00-04:00,2067.3520408163267,2303.027279974488,13.0,-22.0,0.0,-1.6923076923076923
2015-03-18 03:25:00-04:00,2067.9270833333335,2303.862820165554,151.0,170.0,0.0,1.1258278145695364
2015-03-19 00:55:00-04:00,2095.379679144385,2334.4992938379683,48.0,-49.0,0.00011930326890952081,-1.0208333333333333
2015-03-19 19:40:00-04:00,2078.810810810811,2315.8388962374975,464.0,511.0,0.00024052916416117398,1.1012931034482758
2015-03-19 21:25:00-04:00,2080.400837988827,2317.7884900166514,149.0,170.0,0.00012016342225429355,1.1409395973154361
2015-06-14 19:35:00-04:00,2075.8846153846152,2321.6076015233916,105.0,177.0,-0.0002408767915210719,1.6857142857142857
2015-06-15 00:10:00-04:00,2075.6198630136987,2321.6076015233916,22.0,33.0,-0.00012043839576048043,1.5
2015-06-15 01:00:00-04:00,2075.818181818182,2321.6076015233916,5.0,-13.0,0.00012043839576070248,-2.6
2015-06-15 17:00:00-04:00,2075.3617824773414,2321.327990828279,45.0,-52.0,-0.0003613587087448744,-1.1555555555555554
2015-06-15 18:45:00-04:00,2073.618556701031,2319.370715962488,70.0,94.0,-0.00012055455093440415,1.3428571428571427
2015-06-15 20:00:00-04:00,,,35.0,38.0,,1.0857142857142856
2015-06-16 00:40:00-04:00,2072.640625,2317.9726624869227,69.0,94.0,-0.00012062726176120808,1.3623188405797102
2015-06-16 18:35:00-04:00,2089.869318181818,2337.2658004497207,44.0,-50.0,-0.00011963153487248857,-1.1363636363636365
2015-06-16 19:05:00-04:00,2089.732026143791,2336.986189754608,65.0,95.0,0.00023929169657810334,1.4615384615384615
2015-06-16 19:15:00-04:00,2089.641304347826,2337.2658004497207,50.0,-55.0,-0.00011963153487248857,-1.1
2015-06-16 19:30:00-04:00,2089.6405405405403,2337.2658004497207,16.0,49.0,0.0,3.0625
2015-06-17 01:00:00-04:00,2089.619318181818,2336.986189754608,14.0,30.0,0.00011964584828905167,2.142857142857143
2015-06-17 23:55:00-04:00,2084.845930232558,2331.9531972425734,134.0,-139.0,-0.00023980815347723894,-1.037313432835821
2015-09-14 17:05:00-04:00,1943.2155172413793,2184.3245520014584,25.0,-50.0,0.00012865045670928943,-2.0
2015-09-14 19:00:00-04:00,1944.5882352941176,2185.729623757538,86.0,-92.0,0.0002571355104141748,-1.069767441860465
2015-09-15 18:40:00-04:00,1970.1809701492537,2214.393087581563,80.0,-93.0,0.0,-1.1625
2015-12-14 01:50:00-05:00,2011.4322033898304,2270.4883133280027,240.0,370.0,-0.0003728560775538847,1.5416666666666667
2015-12-14 18:35:00-05:00,2017.1319444444443,2276.978647805575,1636.0,-2203.0,-0.00037179328293468483,-1.3465770171149145
2016-03-13 19:25:00-04:00,2008.669642857143,2277.9620353310243,477.0,-540.0,-0.0001244555071561182,-1.1320754716981132
2016-03-13 19:40:00-04:00,2007.8355263157894,2277.111520569855,126.0,-342.0,-0.00012450199203184464,-2.7142857142857144
2016-03-13 21:30:00-04:00,2009.164705882353,2278.529045171804,193.0,-238.0,-0.00037327360955585753,-1.233160621761658
2016-03-14 02:45:00-04:00,2007.591463414634,2276.8280156494657,79.0,83.0,-0.00012451749470798745,1.0506329113924051
2016-03-14 21:05:00-04:00,2009.3995098039215,2278.8125500921933,243.0,-336.0,-0.0003732271709380175,-1.382716049382716
2016-03-14 22:30:00-04:00,2006.8703125,2275.693995967907,54.0,-86.0,0.0,-1.5925925925925926
2016-06-12 21:00:00-04:00,2080.576530612245,2369.587327383351,826.0,-886.0,0.00036049026676288065,-1.0726392251815982
2016-06-15 00:20:00-04:00,2065.0763473053894,2351.93358858285,164.0,167.0,0.0,1.0182926829268293
2016-06-15 00:25:00-04:00,2064.9375,2351.93358858285,372.0,378.0,0.0,1.0161290322580645
2016-06-15 21:05:00-04:00,2064.068661971831,2351.0793754150836,251.0,-307.0,-0.00036332808526085003,-1.2231075697211156
2016-06-15 21:20:00-04:00,2063.331730769231,2350.2251622473177,609.0,-617.0,-0.00024230676035863485,-1.013136288998358
2016-09-11 20:30:00-04:00,2113.6895973154365,2414.872582317035,941.0,1000.0,0.0,1.0626992561105206
2016-09-13 00:55:00-04:00,2146.459375,2452.2881125693743,152.0,175.0,0.00011646866992776062,1.1513157894736843
2016-09-14 18:45:00-04:00,2116.146226415094,2417.7287296645413,52.0,54.0,0.0,1.0384615384615385
2016-09-14 19:15:00-04:00,2116.206896551724,2417.7287296645413,70.0,73.0,0.00023626698168932592,1.042857142857143
2016-12-11 18:50:00-05:00,2261.3636363636365,2589.489579209608,2091.0,-2330.0,-0.00033167495854058426,-1.1142993782879005
2016-12-11 19:05:00-05:00,2260.4309895833335,2586.912972663131,6089.0,9435.0,0.0,1.549515519789785
2016-12-11 20:15:00-05:00,2257.827319587629,2585.481524581755,302.0,343.0,0.00022145941756157583,1.1357615894039734
2016-12-11 23:30:00-05:00,2253.348623853211,2580.6146011050755,140.0,168.0,0.0,1.2
2016-12-11 23:55:00-05:00,2255.1539855072465,2582.618628419002,1049.0,1125.0,0.00033255736614568043,1.0724499523355577
2016-12-12 18:45:00-05:00,2248.9426605504586,2575.461388012121,172.0,200.0,0.0002223210315697166,1.1627906976744187
2016-12-12 19:05:00-05:00,2249.1119791666665,2576.8928360934974,4127.0,5971.0,0.0,1.4468136661012843
2016-12-12 21:55:00-05:00,2251.5260416666665,2578.324284174874,53.0,-108.0,0.0,-2.0377358490566038
2016-12-12 22:25:00-05:00,2251.1574074074074,2577.751704942323,48.0,-109.0,0.0,-2.2708333333333335
2016-12-13 00:30:00-05:00,2251.4276859504134,2578.0379945585983,117.0,-120.0,-0.00011104941699047188,-1.0256410256410255
2016-12-13 01:00:00-05:00,2253.0063025210084,2580.0420218725253,279.0,295.0,0.0,1.0573476702508962
2016-12-13 01:10:00-05:00,2253.397763578275,2580.6146011050755,248.0,365.0,-0.00011093854004873283,1.471774193548387
2016-12-13 02:50:00-05:00,2252.215163934426,2579.1831530236996,44.0,55.0,0.00022200022200014047,1.25
2016-12-13 19:05:00-05:00,2267.341911764706,2594.929081918838,3663.0,4522.0,0.0,1.2345072345072345
2016-12-14 01:40:00-05:00,2266.662962962963,2595.787950767664,34.0,-78.0,-0.00011029006286544796,-2.2941176470588234
2016-12-14 01:45:00-05:00,2266.687254901961,2595.5016611513884,10.0,54.0,0.0,5.4
2016-12-14 01:55:00-05:00,2266.6366666666668,2595.787950767664,16.0,-31.0,-0.00011029006286544796,-1.9375
2016-12-14 02:00:00-05:00,2266.638613861386,2595.5016611513884,30.0,63.0,0.00011030222810504142,2.1
2016-12-14 02:20:00-05:00,2265.5058139534885,2594.3565026862875,847.0,-858.0,-0.0001103509159124938,-1.0129870129870129
2016-12-14 02:25:00-05:00,2265.4259868421054,2594.0702130700124,443.0,-545.0,0.00011036309458112292,-1.2302483069977426
2016-12-14 18:50:00-05:00,2249.8390410958905,2576.3202568609468,4600.0,5185.0,0.0003333703744861083,1.1271739130434784
2016-12-14 19:05:00-05:00,2253.9534482758622,2579.4694426399747,12847.0,15244.0,0.0,1.1865805246361019
2016-12-15 19:05:00-05:00,2260.1007751937987,2585.76781419803,5020.0,5768.0,0.0,1.149003984063745
2016-12-16 01:35:00-05:00,2260.0705445544554,2588.3444207445073,96.0,118.0,0.0,1.2291666666666667
2016-12-16 01:40:00-05:00,2260.096064814815,2588.3444207445073,39.0,54.0,-0.00011060723371303371,1.3846153846153846
2017-03-12 18:30:00-04:00,2368.140625,2715.6023854140058,155.0,-160.0,-0.0004222527182518032,-1.032258064516129
2017-03-12 18:55:00-04:00,2366.3028169014083,2713.309044436141,209.0,-243.0,0.000316957210776625,-1.1626794258373205
2017-03-12 19:20:00-04:00,2365.328629032258,2712.4490415694418,524.0,-534.0,-0.00021137180300134784,-1.0190839694656488
2017-03-13 00:00:00-04:00,2366.885,2714.16904730284,28.0,31.0,0.00010561892691174357,1.1071428571428572
2017-03-13 00:30:00-04:00,2366.882075471698,2713.8823796806073,16.0,-41.0,0.0,-2.5625
2017-03-13 01:10:00-04:00,2367.1065022421526,2714.4557149250736,34.0,77.0,-0.0001056077727321636,2.264705882352941
2017-03-13 01:25:00-04:00,2367.131736526946,2714.4557149250736,17.0,24.0,0.0,1.411764705882353
2017-03-13 02:20:00-04:00,,,11.0,26.0,,2.3636363636363638
2017-03-13 02:25:00-04:00,2367.4100609756097,2714.7423825473065,12.0,16.0,0.0,1.3333333333333333
2017-03-13 05:10:00-04:00,2367.8950980392156,2715.315717791773,120.0,196.0,-0.00010557432432445335,1.6333333333333333
2017-03-13 19:10:00-04:00,2370.8025641025642,2718.469061636337,77.0,-82.0,0.0,-1.0649350649350648
2017-03-13 19:35:00-04:00,2370.6587537091987,2718.469061636337,167.0,-196.0,0.0,-1.1736526946107784
2017-03-13 20:00:00-04:00,,,11.0,-18.0,,-1.6363636363636365
2017-03-13 22:55:00-04:00,2369.5409356725145,2717.0357235251713,48.0,-66.0,0.0,-1.375
2017-03-13 23:05:00-04:00,2369.576164874552,2717.3223911474042,208.0,-216.0,0.0,-1.0384615384615385
2017-03-13 23:20:00-04:00,2370.06,2717.6090587696376,26.0,-28.0,0.0002109704641348742,-1.0769230769230769
2017-03-14 01:40:00-04:00,2370.093434343434,2717.8957263918705,7.0,9.0,0.00010547410610683983,1.2857142857142858
2017-03-14 02:30:00-04:00,2370.1221374045804,2717.6090587696376,22.0,-25.0,0.0001054852320674371,-1.1363636363636365
2017-03-14 02:40:00-04:00,2370.086956521739,2717.6090587696376,40.0,-42.0,0.0001054852320674371,-1.05
2017-03-14 22:45:00-04:00,2364.79571197411,2711.5890387027425,163.0,-173.0,0.00010571942065773499,-1.0613496932515338
2017-03-15 00:55:00-04:00,2367.0896739130435,2714.16904730284,54.0,-113.0,0.00010561892691174357,-2.0925925925925926
2017-03-15 01:30:00-04:00,2367.1787109375,2714.4557149250736,218.0,-243.0,0.0,-1.114678899082569
2017-03-16 16:50:00-04:00,2380.4857723577234,2729.649098903427,370.0,-392.0,-0.00042007981516478665,-1.0594594594594595
2017-03-17 00:25:00-04:00,2378.895939086294,2727.9290931700284,50.0,-76.0,-0.00021017234131992524,-1.52
2017-06-11 19:30:00-04:00,2424.965909090909,2783.231695251629,156.0,-229.0,-0.00010309278350517648,-1.4679487179487178
2017-06-11 20:25:00-04:00,2427.6325,2786.1010062776613,53.0,56.0,-0.0003089598352213896,1.0566037735849056
2017-06-11 20:45:00-04:00,2426.105952380952,2784.379419662042,68.0,119.0,0.0001030502885408513,1.75
2017-06-12 00:20:00-04:00,2424.8896103896104,2782.9447641490256,143.0,145.0,0.0,1.013986013986014
2017-06-12 00:25:00-04:00,2424.628246753247,2782.9447641490256,46.0,-53.0,-0.00010310341272301571,-1.1521739130434783
2017-06-12 00:40:00-04:00,2424.8818181818183,2783.231695251629,42.0,115.0,0.0,2.738095238095238
2017-06-12 00:45:00-04:00,2424.8839779005525,2783.231695251629,13.0,-17.0,0.0,-1.3076923076923077
2017-06-12 01:10:00-04:00,2424.622807017544,2782.657833046422,15.0,-25.0,0.00010311404413276826,-1.6666666666666667
2017-06-12 01:30:00-04:00,2424.8365384615386,2783.231695251629,36.0,70.0,-0.00010309278350517648,1.9444444444444444
2017-06-12 01:50:00-04:00,2424.8930481283423,2783.231695251629,16.0,27.0,0.0,1.6875
2017-06-12 16:45:00-04:00,2426.7251461988303,2785.2402129698517,237.0,-270.0,-0.00010301844030080609,-1.139240506329114
2017-06-12 18:45:00-04:00,2426.587837837838,2784.9532818672483,64.0,-67.0,-0.00010302905419312669,-1.046875
2017-06-12 23:05:00-04:00,2428.8333333333335,2787.5356617906778,123.0,-132.0,0.0,-1.0731707317073171
2017-06-12 23:15:00-04:00,2428.870614035088,2787.5356617906778,34.0,54.0,0.0,1.588235294117647
2017-06-12 23:50:00-04:00,2429.6114864864867,2788.3964550984874,246.0,-266.0,0.0,-1.08130081300813
2017-06-13 00:45:00-04:00,2429.6185064935066,2788.3964550984874,42.0,-47.0,0.0,-1.119047619047619
2017-06-13 01:05:00-04:00,2429.651960784314,2788.3964550984874,43.0,80.0,0.00010290183165273525,1.8604651162790697
2017-06-13 01:20:00-04:00,2429.900568181818,2788.970317303694,17.0,-23.0,0.0,-1.3529411764705883
2017-06-13 19:35:00-04:00,2437.8950471698113,2797.865181484395,36.0,-37.0,0.0,-1.0277777777777777
2017-06-13 20:25:00-04:00,2437.6002747252746,2797.865181484395,85.0,154.0,0.0,1.811764705882353
2017-06-13 21:30:00-04:00,2437.134969325153,2797.291319279189,110.0,116.0,-0.0002051492460766191,1.0545454545454545
2017-06-14 00:55:00-04:00,2436.1187707641197,2796.143594868776,17.0,-27.0,0.00010261672652633891,-1.588235294117647
2017-06-14 02:45:00-04:00,2436.1655629139073,2795.8566637661725,106.0,181.0,0.00030788177339902134,1.7075471698113207
2017-06-14 06:05:00-04:00,2439.376459143969,2799.586768100015,133.0,-157.0,0.00030747155888066757,-1.1804511278195489
2017-06-15 01:25:00-04:00,2430.0877659574467,2788.970317303694,92.0,-105.0,-0.00020576131687255472,-1.141304347826087
2017-06-15 18:40:00-04:00,2430.8172043010754,2790.118041714107,160.0,-165.0,0.0,-1.03125
2017-06-15 18:45:00-04:00,2430.8415178571427,2790.118041714107,8.0,10.0,-0.00020567667626503194,1.25
2017-06-15 21:15:00-04:00,2433.6065088757396,2792.9873527401396,148.0,-168.0,0.0001027326895417513,-1.135135135135135
2017-06-16 01:10:00-04:00,2434.890410958904,2794.422008253156,44.0,86.0,0.0,1.9545454545454546
2017-06-16 05:40:00-04:00,2434.909594095941,2794.7089393557594,794.0,-800.0,0.00010266940451741924,-1.0075566750629723
2017-09-10 19:35:00-04:00,2469.4158653846152,2835.8803596623784,218.0,-469.0,-0.0002024906348081501,-2.1513761467889907
2017-09-10 19:45:00-04:00,2468.79060665362,2835.3061204481105,62.0,119.0,-0.0001012658227849128,1.9193548387096775
2017-09-10 19:55:00-04:00,2468.0684210526315,2834.4447616267084,497.0,-518.0,,-1.0422535211267605
2017-09-10 23:40:00-04:00,2473.125494071146,2840.4742733765224,38.0,67.0,-0.00010108157282928687,1.763157894736842
2017-09-11 00:55:00-04:00,2472.15625,2839.325794947986,64.0,-104.0,-0.0001011224592981641,-1.625
2017-09-11 01:00:00-04:00,2472.112341772152,2839.0386753408525,29.0,-33.0,0.0,-1.1379310344827587
2017-09-11 01:30:00-04:00,2471.8695652173915,2839.0386753408525,72.0,-80.0,0.0,-1.1111111111111112
2017-09-11 07:55:00-04:00,2471.835801393728,2838.7515557337183,303.0,395.0,0.0,1.3036303630363035
2017-09-11 16:40:00-04:00,2486.6134453781515,2855.6916125546236,554.0,599.0,0.00010054293183170415,1.0812274368231047
2017-09-11 18:40:00-04:00,2486.1790450928384,2855.1173733403557,149.0,200.0,0.00010056315366036017,1.342281879194631
2017-09-11 19:10:00-04:00,2486.2129888268155,2855.4044929474894,45.0,47.0,0.0,1.0444444444444445
2017-09-11 19:40:00-04:00,2485.8425925925926,2854.8302537332215,36.0,-82.0,0.00020114653525094006,-2.2777777777777777
2017-09-11 19:50:00-04:00,2486.361386138614,2855.6916125546236,1361.0,1544.0,-0.0001005429318319262,1.1344599559147686
2017-09-11 20:05:00-04:00,2486.125,2855.4044929474894,1343.0,1526.0,0.0003016591251885359,1.1362620997766195
2017-09-11 21:10:00-04:00,2487.1637931034484,2856.2658517688915,117.0,-190.0,0.0,-1.623931623931624
2017-09-11 22:35:00-04:00,2485.9208860759495,2854.8302537332215,22.0,-46.0,0.0,-2.090909090909091
2017-09-11 23:10:00-04:00,2486.071917808219,2855.1173733403557,14.0,-81.0,0.0,-5.785714285714286
2017-09-12 01:25:00-04:00,2486.1558823529413,2855.1173733403557,195.0,-199.0,0.0002011263073209424,-1.0205128205128204
2017-09-12 01:35:00-04:00,2486.3689759036147,2855.4044929474894,34.0,-51.0,0.00010055304172951196,-1.5
2017-09-12 07:50:00-04:00,2490.5668604651164,2860.285526268767,676.0,-685.0,0.0,-1.0133136094674555
2017-09-12 18:45:00-04:00,2494.8676470588234,2865.166559590045,186.0,202.0,0.0,1.086021505376344
2017-09-12 21:30:00-04:00,2493.8583916083917,2864.018081161509,15.0,-42.0,-0.00010025062656648931,-2.8
2017-09-12 23:15:00-04:00,2492.6199551569507,2862.8696027329734,19.0,34.0,0.0,1.7894736842105263
2017-09-13 00:00:00-04:00,2492.6658163265306,2862.582483125839,69.0,103.0,0.0,1.4927536231884058
2017-09-13 01:15:00-04:00,2492.6402777777776,2862.582483125839,39.0,-45.0,0.00010030090270829461,-1.1538461538461537
2017-09-13 01:20:00-04:00,2492.6528497409327,2862.8696027329734,3.0,-31.0,-0.00010029084344609362,-10.333333333333334
2017-09-13 02:40:00-04:00,2491.3595505617977,2861.4340046973034,54.0,59.0,-0.00010034115994383974,1.0925925925925926
2017-09-13 20:40:00-04:00,2492.6475155279504,2862.582483125839,99.0,-101.0,0.00030090270812443976,-1.02020202020202
2017-09-14 00:45:00-04:00,2491.9236842105265,2862.0082439115713,9.0,19.0,0.00010032102728718684,2.111111111111111
2017-09-14 01:00:00-04:00,2492.1460843373493,2862.295363518705,4.0,-6.0,-0.00010031096398821493,-1.5
2017-09-14 01:05:00-04:00,2492.140060240964,2862.0082439115713,25.0,-30.0,0.00010032102728718684,-1.2
2017-09-14 01:10:00-04:00,2492.1387614678897,2862.295363518705,21.0,37.0,-0.00010031096398821493,1.7619047619047619
2017-12-10 18:50:00-05:00,2656.639112903226,3046.124836047221,1827.0,-2803.0,0.0005649717514124575,-1.5342090859332238
2017-12-10 19:00:00-05:00,,,90.0,-211.0,,-2.3444444444444446
2017-12-10 19:05:00-05:00,2656.0374251497005,3046.698494208435,4567.0,7369.0,0.0,1.613531858988395
2017-12-11 18:30:00-05:00,2664.15,3056.737512029683,171.0,-206.0,0.0002815051140097058,-1.2046783625730995
2017-12-11 19:05:00-05:00,2665.8523936170213,3057.8848283521115,6179.0,8696.0,0.0,1.4073474672277066
2017-12-11 21:10:00-05:00,2666.5827922077924,3059.605802835754,139.0,142.0,-9.374707040399333e-05,1.0215827338129497
2017-12-11 21:55:00-05:00,2666.3524305555557,3059.0321446745397,5.0,-15.0,0.0,-3.0
2017-12-11 22:10:00-05:00,2666.1310344827584,3058.7453155939324,36.0,-40.0,0.0002813203300826572,-1.1111111111111112
2017-12-12 00:15:00-05:00,2665.8373786407765,3058.7453155939324,31.0,39.0,-9.37734433607007e-05,1.2580645161290323
2017-12-12 06:55:00-05:00,2665.336009174312,3057.8848283521115,191.0,-216.0,0.0,-1.130890052356021
2017-12-12 07:10:00-05:00,2666.098214285714,3059.0321446745397,219.0,270.0,9.376465072663542e-05,1.2328767123287672
2017-12-12 08:10:00-05:00,2666.6419491525426,3059.605802835754,314.0,322.0,-9.374707040399333e-05,1.0254777070063694
2017-12-12 18:50:00-05:00,2665.883333333333,3057.8848283521115,2585.0,-2916.0,0.0004689991558015638,-1.128046421663443
2017-12-12 19:05:00-05:00,2664.610576923077,3057.8848283521115,5527.0,7704.0,0.0,1.3938845666726976
2017-12-12 20:15:00-05:00,2665.8804347826085,3058.7453155939324,141.0,145.0,-0.0003750937734433579,1.0283687943262412
2017-12-13 16:55:00-05:00,2669.5672690763054,3062.7609227224316,411.0,-442.0,-0.00018730099269526068,-1.075425790754258
2017-12-13 18:40:00-05:00,2668.4083333333333,3061.3267773193966,222.0,226.0,0.00018738873793688882,1.018018018018018
2017-12-13 18:50:00-05:00,2668.9375,3063.9082390448602,2869.0,2986.0,-0.000561692566935168,1.0407807598466365
2017-12-13 19:05:00-05:00,2669.6433333333334,3065.0555553672884,6486.0,7931.0,0.0,1.2227875423990133
2017-12-14 00:20:00-05:00,2668.8771186440677,3062.1872645612175,262.0,-280.0,9.366804046462285e-05,-1.0687022900763359
2017-12-14 19:05:00-05:00,2653.81875,3046.698494208435,7125.0,7752.0,0.0,1.088
2018-03-12 03:45:00-04:00,2804.3885542168673,3212.040460980487,407.0,503.0,8.914244963453832e-05,1.2358722358722358
2018-03-12 18:45:00-04:00,2788.6875,3193.7153950594,31.0,34.0,0.0002689618074234179,1.096774193548387
2018-03-12 23:45:00-04:00,2788.3444444444444,3193.7153950594,37.0,-47.0,0.0,-1.2702702702702702
2018-03-14 22:35:00-04:00,2755.4006024096384,3155.9199465971587,1357.0,-1415.0,0.00117945926329166,-1.0427413411938098
2018-06-10 19:50:00-04:00,2775.7916666666665,3175.14980817649,722.0,939.0,0.0002701729106628914,1.3005540166204985
2018-06-11 19:40:00-04:00,2789.625,3190.5909185548694,74.0,-81.0,-8.962179602067799e-05,-1.0945945945945945
2018-06-12 19:10:00-04:00,2792.3521739130433,3193.7363299282433,67.0,-72.0,8.953353030705102e-05,-1.0746268656716418
2018-06-13 00:50:00-04:00,2793.9444444444443,3195.737955347663,10.0,23.0,-8.947745168219612e-05,2.3
2018-06-13 19:15:00-04:00,2781.4387254901962,3181.440630923237,73.0,86.0,-0.00017975912277556905,1.178082191780822
2018-06-13 20:45:00-04:00,2781.376893939394,3181.440630923237,73.0,114.0,0.0,1.5616438356164384
2018-09-16 23:05:00-04:00,2906.602409638554,3318.5999799554625,56.0,-57.0,0.0,-1.0178571428571428
2018-09-18 00:35:00-04:00,2893.045918367347,3303.1858737351295,140.0,148.0,0.0001728309713100451,1.0571428571428572
2018-09-18 19:10:00-04:00,2914.3125,3327.44881871158,111.0,-113.0,8.578536501668843e-05,-1.018018018018018
2018-09-19 19:00:00-04:00,2916.2057291666665,3329.732390003481,24.0,57.0,0.0,2.375
2018-09-19 23:55:00-04:00,2914.8709677419356,3328.305157946043,231.0,-232.0,-0.00017152658662100695,-1.0043290043290043
2018-09-20 22:50:00-04:00,2939.8656462585036,3356.849799094808,62.0,63.0,0.0001700680272109789,1.0161290322580645
2018-12-17 18:55:00-05:00,2562.859375,2974.8646964001814,435.0,810.0,,1.8620689655172413
2018-12-17 19:00:00-05:00,,,202.0,455.0,,2.2524752475247523
2018-12-18 18:55:00-05:00,2541.715189873418,2922.69409367462,876.0,1358.0,,1.5502283105022832
2018-12-18 19:00:00-05:00,,,339.0,620.0,,1.8289085545722714
2018-12-19 18:55:00-05:00,2510.625,2898.4618465070093,1037.0,1223.0,,1.1793635486981677
2018-12-19 19:00:00-05:00,,,953.0,1059.0,,1.111227701993704
2018-12-20 18:55:00-05:00,2484.5775862068967,2863.1112741683773,467.0,568.0,,1.2162740899357602
2018-12-20 19:00:00-05:00,,,158.0,201.0,,1.2721518987341771
2019-03-11 02:40:00-04:00,2752.3061224489797,3132.935198195808,44.0,-66.0,0.0003633390862021191,-1.5
2019-03-11 06:50:00-04:00,2753.9044585987263,3134.9272543668835,818.0,-863.0,0.0002723311546841689,-1.0550122249388754
2019-06-17 01:15:00-04:00,2903.1033834586465,3300.1772010456716,307.0,349.0,-8.611039352457439e-05,1.1368078175895766
2019-06-18 00:05:00-04:00,2895.5736434108526,3291.36763476371,99.0,-177.0,-0.00017268174753926058,-1.7878787878787878
2019-09-16 19:40:00-04:00,3006.3257575757575,3415.163446863725,549.0,740.0,-8.315316813578555e-05,1.3479052823315119
2019-12-15 23:15:00-05:00,3183.890740740741,3613.0281658722897,40.0,-65.0,0.00015704750687084434,-1.625
2019-12-16 00:30:00-05:00,3183.6726190476193,3613.0281658722897,179.0,-189.0,0.0,-1.0558659217877095
2019-12-18 23:25:00-05:00,3198.10375,3629.199552244863,333.0,-364.0,0.0,-1.093093093093093
2020-03-15 18:20:00-04:00,2555.254164142944,2914.413689750108,717.0,1323.0,0.0,1.8451882845188285
2020-03-15 18:25:00-04:00,2555.2537923854848,2914.413689750108,946.0,1307.0,0.0,1.3816067653276956
2020-03-15 18:30:00-04:00,2555.2539620882535,2914.413689750108,889.0,1130.0,0.0,1.2710911136107987
2020-03-15 18:35:00-04:00,2555.2532327586205,2914.413689750108,163.0,484.0,0.0,2.9693251533742333
2020-03-15 18:40:00-04:00,2555.2518342684507,2914.413689750108,162.0,214.0,0.0,1.3209876543209877
2020-03-15 18:45:00-04:00,2555.252048521851,2914.413689750108,20.0,66.0,0.0,3.3
2020-03-15 18:50:00-04:00,2555.2516039753427,2914.413689750108,191.0,250.0,0.0,1.3089005235602094
2020-03-15 18:55:00-04:00,2555.251612699216,2914.413689750108,31.0,228.0,0.0,7.354838709677419
2020-03-15 19:00:00-04:00,2555.2519736842105,2914.413689750108,1067.0,1276.0,0.0,1.1958762886597938
2020-03-15 19:05:00-04:00,2555.251968807906,2914.413689750108,538.0,1626.0,0.0,3.0223048327137545
2020-03-15 19:10:00-04:00,2555.2519027010894,2914.413689750108,38.0,43.0,0.0,1.131578947368421
2020-03-15 19:15:00-04:00,2555.2518651258047,2914.413689750108,35.0,42.0,0.0,1.2
2020-03-15 19:20:00-04:00,2555.251570091243,2914.413689750108,3.0,14.0,0.0,4.666666666666667
2020-03-15 19:25:00-04:00,2555.251774032598,2914.413689750108,9.0,19.0,0.0,2.111111111111111
2020-03-15 19:30:00-04:00,2555.252144270948,2914.413689750108,18.0,28.0,0.0,1.5555555555555556
2020-03-15 19:35:00-04:00,2555.251959208279,2914.413689750108,24.0,31.0,0.0,1.2916666666666667
2020-03-15 19:40:00-04:00,2555.251905334938,2914.413689750108,1.0,11.0,0.0,11.0
2020-03-15 19:45:00-04:00,2555.2518886679923,2914.413689750108,8.0,46.0,0.0,5.75
2020-03-15 19:50:00-04:00,2555.2519051438885,2914.413689750108,152.0,237.0,0.0,1.5592105263157894
2020-03-15 19:55:00-04:00,2555.251894317049,2914.413689750108,6.0,91.0,,15.166666666666666
2020-03-15 20:00:00-04:00,,,41.0,96.0,,2.341463414634146
2020-03-15 20:05:00-04:00,2555.251861102948,2914.413689750108,8.0,133.0,0.0,16.625
2020-03-15 20:10:00-04:00,2555.2518574640726,2914.413689750108,23.0,30.0,0.0,1.3043478260869565
2020-03-15 20:15:00-04:00,2555.2518332690083,2914.413689750108,11.0,12.0,0.0,1.0909090909090908
2020-03-15 20:20:00-04:00,2555.2518315018315,2914.413689750108,0.0,30.0,0.0,inf
2020-03-15 20:25:00-04:00,2555.2514737147276,2914.413689750108,7.0,16.0,0.0,2.2857142857142856
2020-03-15 20:30:00-04:00,2555.2512409966907,2914.413689750108,24.0,25.0,0.0,1.0416666666666667
2020-03-15 20:35:00-04:00,2555.2513881328255,2914.413689750108,1097.0,1135.0,0.0,1.0346399270738378
2020-03-15 20:40:00-04:00,2555.2513911620294,2914.413689750108,64.0,260.0,0.0,4.0625
2020-03-15 20:45:00-04:00,2555.2513969540923,2914.413689750108,124.0,139.0,0.0,1.1209677419354838
2020-03-15 20:50:00-04:00,2555.2513855683546,2914.413689750108,2.0,17.0,0.0,8.5
2020-03-15 20:55:00-04:00,2555.251335387776,2914.413689750108,0.0,4.0,0.0,inf
2020-03-15 21:05:00-04:00,2555.251397999785,2914.413689750108,2.0,15.0,0.0,7.5
2020-03-15 21:10:00-04:00,2555.2514963167587,2914.413689750108,0.0,15.0,0.0,inf
2020-03-15 21:15:00-04:00,2555.251550476628,2914.413689750108,804.0,818.0,0.0,1.0174129353233832
2020-03-15 21:20:00-04:00,2555.2515635858235,2914.413689750108,26.0,27.0,0.0,1.0384615384615385
2020-03-15 21:25:00-04:00,2555.251562680866,2914.413689750108,1.0,7.0,0.0,7.0
2020-03-15 21:30:00-04:00,2555.251530265246,2914.413689750108,1.0,2.0,0.0,2.0
2020-03-15 21:35:00-04:00,2555.2515268038906,2914.413689750108,19.0,24.0,0.0,1.263157894736842
2020-03-15 21:40:00-04:00,2555.251500166685,2914.413689750108,2.0,87.0,0.0,43.5
2020-03-15 21:45:00-04:00,2555.2515010006673,2914.413689750108,1.0,4.0,0.0,4.0
2020-03-15 21:50:00-04:00,2555.2514874394005,2914.413689750108,7.0,9.0,0.0,1.2857142857142858
2020-03-15 21:55:00-04:00,2555.251478156137,2914.413689750108,5.0,18.0,0.0,3.6
2020-03-15 22:00:00-04:00,2555.251476539429,2914.413689750108,3.0,32.0,0.0,10.666666666666666
2020-03-15 22:05:00-04:00,2555.2514661164205,2914.413689750108,24.0,317.0,0.0,13.208333333333334
2020-03-15 22:10:00-04:00,2555.251467710372,2914.413689750108,4.0,5.0,0.0,1.25
2020-03-15 22:15:00-04:00,2555.2514570966,2914.413689750108,0.0,3.0,0.0,inf
2020-03-15 22:20:00-04:00,2555.25145678213,2914.413689750108,1.0,8.0,0.0,8.0
2020-03-15 22:25:00-04:00,2555.251462463438,2914.413689750108,0.0,1.0,,inf
2020-03-15 22:30:00-04:00,,,21.0,22.0,,1.0476190476190477
2020-03-15 22:45:00-04:00,2555.2514464802316,2914.413689750108,0.0,36.0,0.0,inf
2020-03-15 22:50:00-04:00,2555.2514216738196,2914.413689750108,3.0,36.0,0.0,12.0
2020-03-15 22:55:00-04:00,2555.2514203022833,2914.413689750108,2.0,30.0,,15.0
2020-03-15 23:05:00-04:00,,,3.0,861.0,,287.0
2020-03-15 23:10:00-04:00,2555.25142258965,2914.413689750108,22.0,25.0,0.0,1.1363636363636365
2020-03-15 23:20:00-04:00,2555.251426418344,2914.413689750108,0.0,1.0,0.0,inf
2020-03-15 23:25:00-04:00,2555.251447296559,2914.413689750108,3.0,5.0,0.0,1.6666666666666667
2020-03-15 23:30:00-04:00,2555.2514413140434,2914.413689750108,2.0,4.0,,2.0
2020-03-15 23:45:00-04:00,2555.251422895189,2914.413689750108,1.0,61.0,0.0,61.0
2020-03-15 23:50:00-04:00,2555.2514308855293,2914.413689750108,0.0,3.0,0.0,inf
2020-03-16 00:00:00-04:00,2555.2543800030207,2914.413689750108,2701.0,2718.0,0.0,1.0062939651980747
2020-03-16 00:05:00-04:00,2555.2541053227633,2914.413689750108,3.0,6.0,0.0,2.0
2020-03-16 00:20:00-04:00,2555.253895231699,2914.413689750108,31.0,98.0,0.0,3.161290322580645
2020-03-16 00:30:00-04:00,2555.2545638945235,2914.413689750108,3.0,4.0,0.0,1.3333333333333333
2020-03-16 00:35:00-04:00,2555.2545663644974,2914.413689750108,3.0,10.0,0.0,3.3333333333333335
2020-03-16 00:40:00-04:00,2555.2545024012807,2914.413689750108,0.0,2.0,0.0,inf
2020-03-16 00:50:00-04:00,2555.2545042039237,2914.413689750108,1.0,2.0,,2.0
2020-03-16 00:55:00-04:00,,,2.0,3.0,,1.5
2020-03-16 01:05:00-04:00,2555.2542372881358,2914.413689750108,1.0,3.0,0.0,3.0
2020-03-16 01:10:00-04:00,2555.2542581377743,2914.413689750108,0.0,55.0,,inf
2020-03-16 01:20:00-04:00,2555.2542753990374,2914.413689750108,0.0,1.0,0.0,inf
2020-03-16 01:30:00-04:00,,,1.0,2.0,,2.0
2020-03-16 01:35:00-04:00,2555.2542500944464,2914.413689750108,0.0,1.0,0.0,inf
2020-03-16 01:40:00-04:00,2555.254234629862,2914.413689750108,2.0,3.0,0.0,1.5
2020-03-16 01:50:00-04:00,2555.2542240300377,2914.413689750108,0.0,7.0,0.0,inf
2020-03-16 02:05:00-04:00,2555.2542388847023,2914.413689750108,22.0,24.0,0.0,1.0909090909090908
2020-03-16 02:20:00-04:00,2555.2541385652976,2914.413689750108,0.0,4.0,,inf
2020-03-16 02:30:00-04:00,,,0.0,5.0,,inf
2020-03-16 02:35:00-04:00,,,17.0,18.0,,1.0588235294117647
2020-03-16 02:40:00-04:00,2555.2541128442604,2914.413689750108,5.0,76.0,0.0,15.2
2020-03-16 02:45:00-04:00,2555.254075594735,2914.413689750108,0.0,1.0,0.0,inf
2020-03-16 02:50:00-04:00,2555.253918950302,2914.413689750108,1.0,253.0,0.0,253.0
2020-03-16 03:00:00-04:00,2555.2537280459514,2914.413689750108,8.0,13.0,0.0,1.625
2020-03-16 03:05:00-04:00,2555.2536541792983,2914.413689750108,4.0,7.0,0.0,1.75
2020-03-16 03:10:00-04:00,2555.2536605206074,2914.413689750108,2.0,258.0,0.0,129.0
2020-03-16 03:20:00-04:00,2555.2532045195594,2914.413689750108,1.0,2.0,0.0,2.0
2020-03-16 03:25:00-04:00,2555.2531812611933,2914.413689750108,1.0,4.0,0.0,4.0
2020-03-16 03:40:00-04:00,2555.253125578811,2914.413689750108,0.0,4.0,0.0,inf
2020-03-16 03:45:00-04:00,2555.25291400449,2914.413689750108,0.0,110.0,0.0,inf
2020-03-16 03:50:00-04:00,2555.252926638918,2914.413689750108,0.0,1.0,0.0,inf
2020-03-16 04:00:00-04:00,2555.2529537896025,2914.413689750108,4.0,477.0,0.0,119.25
2020-03-16 04:05:00-04:00,2555.2529452831836,2914.413689750108,1.0,13.0,0.0,13.0
2020-03-16 04:10:00-04:00,2555.2529527559054,2914.413689750108,0.0,201.0,0.0,inf
2020-03-16 04:15:00-04:00,2555.2529475982533,2914.413689750108,0.0,3.0,0.0,inf
2020-03-16 04:20:00-04:00,2555.252958190902,2914.413689750108,6.0,11.0,0.0,1.8333333333333333
2020-03-16 04:25:00-04:00,2555.2529524975944,2914.413689750108,0.0,14.0,0.0,inf
2020-03-16 04:30:00-04:00,2555.2529543067226,2914.413689750108,10.0,43.0,0.0,4.3
2020-03-16 04:35:00-04:00,2555.2529445123014,2914.413689750108,2.0,5.0,0.0,2.5
2020-03-16 04:40:00-04:00,2555.252949143656,2914.413689750108,1.0,6.0,0.0,6.0
2020-03-16 04:50:00-04:00,2555.2528760119303,2914.413689750108,13.0,18.0,0.0,1.3846153846153846
2020-03-16 04:55:00-04:00,2555.2527510596674,2914.413689750108,2.0,3.0,0.0,1.5
2020-03-16 05:00:00-04:00,2555.2527405602923,2914.413689750108,0.0,44.0,0.0,inf
2020-03-16 05:05:00-04:00,2555.2527141133896,2914.413689750108,1.0,19.0,0.0,19.0
2020-03-16 05:10:00-04:00,2555.252714549988,2914.413689750108,0.0,9.0,0.0,inf
2020-03-16 05:15:00-04:00,2555.2526730555996,2914.413689750108,22.0,23.0,0.0,1.0454545454545454
2020-03-16 05:25:00-04:00,2555.2525869998467,2914.413689750108,2.0,5.0,0.0,2.5
2020-03-16 05:40:00-04:00,2555.252578698044,2914.413689750108,1.0,5.0,0.0,5.0
2020-03-16 05:45:00-04:00,2555.252570449353,2914.413689750108,0.0,2.0,0.0,inf
2020-03-16 06:00:00-04:00,2555.252521290901,2914.413689750108,0.0,1.0,0.0,inf
2020-03-16 06:05:00-04:00,2555.252498149519,2914.413689750108,2.0,4.0,0.0,2.0
2020-03-16 06:10:00-04:00,2555.252682616644,2914.413689750108,4.0,6.0,0.0,1.5
2020-03-16 06:15:00-04:00,2555.252683683206,2914.413689750108,63.0,85.0,0.0,1.3492063492063493
2020-03-16 06:20:00-04:00,2555.252887577002,2914.413689750108,6.0,9.0,0.0,1.5
2020-03-16 06:25:00-04:00,2555.252870630263,2914.413689750108,1.0,9.0,0.0,9.0
2020-03-16 06:30:00-04:00,2555.2529571541227,2914.413689750108,8.0,33.0,0.0,4.125
2020-03-16 06:35:00-04:00,2555.2529432283945,2914.413689750108,1.0,4.0,0.0,4.0
2020-03-16 06:40:00-04:00,2555.2529548240236,2914.413689750108,0.0,200.0,0.0,inf
2020-03-16 06:45:00-04:00,2555.2529416891834,2914.413689750108,0.0,2.0,0.0,inf
2020-03-16 06:50:00-04:00,2555.252892030848,2914.413689750108,2.0,15.0,0.0,7.5
2020-03-16 07:00:00-04:00,2555.252051808156,2914.413689750108,3.0,8.0,0.0,2.6666666666666665
2020-03-16 07:05:00-04:00,2555.252862109905,2914.413689750108,2.0,3.0,0.0,1.5
2020-03-16 07:10:00-04:00,2555.2528442609137,2914.413689750108,0.0,5.0,0.0,inf
2020-03-16 07:20:00-04:00,2555.2528392361405,2914.413689750108,0.0,38.0,0.0,inf
2020-03-16 07:35:00-04:00,2555.2527248506376,2914.413689750108,0.0,2.0,0.0,inf
2020-03-16 07:45:00-04:00,2555.252664824319,2914.413689750108,9.0,12.0,0.0,1.3333333333333333
2020-03-16 07:50:00-04:00,2555.252669039146,2914.413689750108,0.0,2.0,0.0,inf
2020-03-16 07:55:00-04:00,2555.2526673516163,2914.413689750108,0.0,3.0,0.0,inf
2020-03-16 08:10:00-04:00,2555.2526146575765,2914.413689750108,4.0,45.0,0.0,11.25
2020-03-16 08:30:00-04:00,2555.2523609653726,2914.413689750108,1.0,2.0,0.0,2.0
2020-03-16 08:35:00-04:00,2555.252352736145,2914.413689750108,0.0,13.0,0.0,inf
2020-03-16 08:40:00-04:00,2555.252294045677,2914.413689750108,1.0,2.0,0.0,2.0
2020-03-16 08:50:00-04:00,2555.252355527638,2914.413689750108,12.0,15.0,0.0,1.25
2020-03-16 08:55:00-04:00,2555.252351752491,2914.413689750108,0.0,6.0,0.0,inf
2020-03-16 09:00:00-04:00,2555.251001587422,2914.413689750108,1.0,9.0,0.0,9.0
2020-03-16 09:10:00-04:00,2555.250944822373,2914.413689750108,14.0,26.0,0.0,1.8571428571428572
2020-03-16 09:20:00-04:00,2555.2510190771236,2914.413689750108,0.0,1.0,0.0,inf
2020-03-16 09:25:00-04:00,2555.2511065864023,2914.413689750108,16.0,45.0,0.0,2.8125
2020-03-16 21:30:00-04:00,2498.7457071639587,2848.837956171305,662.0,-688.0,0.0,-1.039274924471299
2020-03-16 21:35:00-04:00,2498.4972098214284,2848.837956171305,79.0,-145.0,0.0,-1.8354430379746836
2020-03-16 21:40:00-04:00,2498.497205663189,2848.837956171305,44.0,-114.0,0.0,-2.590909090909091
2020-03-16 21:45:00-04:00,2498.496875,2848.837956171305,554.0,-597.0,-0.004103282626100935,-1.0776173285198556
2020-03-17 03:00:00-04:00,2499.499478623566,2848.837956171305,90.0,-109.0,0.0,-1.211111111111111
2020-03-17 03:05:00-04:00,2499.499698674166,2848.837956171305,8.0,-120.0,0.0,-15.0
2020-03-17 03:10:00-04:00,2499.499699278268,2848.837956171305,17.0,-30.0,0.0,-1.7647058823529411
2020-03-17 03:15:00-04:00,2499.499692370796,2848.837956171305,1.0,-38.0,0.0,-38.0
2020-03-17 03:20:00-04:00,2499.499689697973,2848.837956171305,4.0,-39.0,0.0,-9.75
2020-03-17 03:25:00-04:00,2499.499691548427,2848.837956171305,9.0,-14.0,0.0,-1.5555555555555556
2020-03-17 03:30:00-04:00,2499.499656357388,2848.837956171305,119.0,-1131.0,0.0,-9.504201680672269
2020-03-17 03:35:00-04:00,2499.4996302686714,2848.837956171305,439.0,-452.0,0.0,-1.029612756264237
2020-03-17 03:40:00-04:00,2499.499682136046,2848.837956171305,7.0,-12.0,0.0,-1.7142857142857142
2020-03-17 03:45:00-04:00,2498.999787730843,2848.837956171305,3.0,-5.0,0.0,-1.6666666666666667
2020-03-17 03:50:00-04:00,2498.999785453765,2848.837956171305,50.0,-57.0,0.0,-1.14
2020-03-17 03:55:00-04:00,2498.9995757318625,2848.837956171305,2.0,-28.0,0.0,-14.0
2020-03-17 04:05:00-04:00,2498.999602938257,2848.837956171305,23.0,-36.0,0.0,-1.565217391304348
2020-03-17 04:10:00-04:00,2498.999599198397,2848.837956171305,6.0,-16.0,0.0,-2.6666666666666665
2020-03-17 04:15:00-04:00,2498.9996089931574,2848.837956171305,15.0,-19.0,0.0,-1.2666666666666666
2020-03-17 04:20:00-04:00,2498.99960768929,2848.837956171305,13.0,-893.0,-0.005004003202562113,-68.6923076923077
2020-03-18 01:20:00-04:00,2392.500189969605,2729.6611881889585,63.0,303.0,0.0,4.809523809523809
2020-03-18 01:25:00-04:00,2393.2500923190546,2729.6611881889585,49.0,173.0,0.0,3.5306122448979593
2020-03-18 01:30:00-04:00,2393.250071942446,2729.6611881889585,11.0,31.0,0.0,2.8181818181818183
2020-03-18 01:35:00-04:00,2393.2500721396623,2729.6611881889585,91.0,94.0,0.0,1.032967032967033
2020-03-18 01:40:00-04:00,2393.250071911405,2729.6611881889585,10.0,26.0,0.0,2.6
2020-03-18 01:45:00-04:00,2393.2500715819615,2729.6611881889585,15.0,17.0,0.0,1.1333333333333333
2020-03-18 01:50:00-04:00,2393.2502502144694,2729.6611881889585,61.0,63.0,0.0,1.0327868852459017
2020-03-18 01:55:00-04:00,2393.250252270434,2729.6611881889585,59.0,61.0,0.0,1.0338983050847457
2020-03-18 02:00:00-04:00,2393.25026181927,2729.6611881889585,23.0,123.0,0.0,5.3478260869565215
2020-03-18 02:05:00-04:00,2393.2502576181364,2729.6611881889585,13.0,24.0,0.0,1.8461538461538463
2020-03-18 02:10:00-04:00,2393.250266402801,2729.6611881889585,10.0,12.0,0.0,1.2
2020-03-18 02:15:00-04:00,2393.2501916296183,2729.6611881889585,8.0,11.0,0.0,1.375
2020-03-18 02:25:00-04:00,2393.250189911881,2729.6611881889585,4.0,6.0,0.0,1.5
2020-03-18 02:30:00-04:00,2393.250182748538,2729.6611881889585,7.0,9.0,0.0,1.2857142857142858
2020-03-18 02:55:00-04:00,2393.250139306809,2729.6611881889585,3.0,7.0,0.0,2.3333333333333335
2020-03-18 03:05:00-04:00,2393.2502572898798,2729.6611881889585,413.0,1428.0,0.0,3.457627118644068
2020-03-18 03:10:00-04:00,2393.2502618410335,2729.6611881889585,10.0,1041.0,0.0,104.1
2020-03-18 03:15:00-04:00,2393.2502784653466,2729.6611881889585,125.0,128.0,0.0,1.024
2020-03-18 03:30:00-04:00,2393.2502714440825,2729.6611881889585,2.0,28.0,0.0,14.0
2020-03-18 03:35:00-04:00,2393.2502686567163,2729.6611881889585,10.0,14.0,0.0,1.4
2020-03-18 03:45:00-04:00,2393.250279990045,2729.6611881889585,35.0,39.0,0.0,1.1142857142857143
2020-03-18 03:50:00-04:00,2393.250294849954,2729.6611881889585,437.0,1437.0,0.0,3.288329519450801
2020-03-18 04:00:00-04:00,2393.2506012658228,2729.6611881889585,1.0,51.0,0.0,51.0
2020-03-18 04:05:00-04:00,2393.2515294117647,2729.6611881889585,113.0,178.0,0.0,1.575221238938053
2020-03-18 04:10:00-04:00,2393.2515208235845,2729.6611881889585,0.0,2.0,0.0,inf
2020-03-18 04:15:00-04:00,2393.2514061147967,2729.6611881889585,31.0,32.0,0.0,1.032258064516129
2020-03-18 04:20:00-04:00,2393.2514801444045,2729.6611881889585,50.0,51.0,0.0,1.02
2020-03-18 04:25:00-04:00,2393.251626737652,2729.6611881889585,144.0,146.0,0.0,1.0138888888888888
2020-03-18 04:30:00-04:00,2393.2517335497196,2729.6611881889585,5.0,6.0,0.0,1.2
2020-03-18 04:35:00-04:00,2393.2517371377885,2729.6611881889585,3.0,7.0,0.0,2.3333333333333335
2020-03-18 04:40:00-04:00,2393.2517417729023,2729.6611881889585,27.0,37.0,0.0,1.3703703703703705
2020-03-18 04:45:00-04:00,2393.2517524235645,2729.6611881889585,12.0,115.0,0.0,9.583333333333334
2020-03-18 04:55:00-04:00,2393.2517632052823,2729.6611881889585,17.0,26.0,0.0,1.5294117647058822
2020-03-18 05:00:00-04:00,2393.2517645292087,2729.6611881889585,5.0,9.0,0.0,1.8
2020-03-18 05:05:00-04:00,2393.251807414244,2729.6611881889585,46.0,77.0,0.0,1.673913043478261
2020-03-18 05:10:00-04:00,2393.251813271605,2729.6611881889585,20.0,53.0,0.0,2.65
2020-03-18 05:15:00-04:00,2393.251705617651,2729.6611881889585,1.0,6.0,0.0,6.0
2020-03-18 05:20:00-04:00,2393.251683863571,2729.6611881889585,10.0,33.0,0.0,3.3
2020-03-18 05:25:00-04:00,2393.251652369568,2729.6611881889585,127.0,130.0,0.0,1.0236220472440944
2020-03-18 05:30:00-04:00,2393.2515871943806,2729.6611881889585,1.0,3.0,0.0,3.0
2020-03-18 05:35:00-04:00,2393.2515691773506,2729.6611881889585,2.0,6.0,0.0,3.0
2020-03-18 05:50:00-04:00,2393.2517143610708,2729.6611881889585,17.0,19.0,0.0,1.1176470588235294
2020-03-18 06:00:00-04:00,2393.25152869238,2729.6611881889585,2.0,7.0,0.0,3.5
2020-03-18 06:05:00-04:00,2393.2516393442625,2729.6611881889585,121.0,128.0,0.0,1.0578512396694215
2020-03-18 06:10:00-04:00,2393.2516602809706,2729.6611881889585,12.0,14.0,0.0,1.1666666666666667
2020-03-18 06:15:00-04:00,2393.2516645326505,2729.6611881889585,23.0,25.0,0.0,1.0869565217391304
2020-03-18 06:30:00-04:00,2393.2514061752036,2729.6611881889585,0.0,7.0,0.0,inf
2020-03-18 06:40:00-04:00,2393.2513463962414,2729.6611881889585,41.0,502.0,0.0,12.24390243902439
2020-03-18 06:45:00-04:00,2393.2513411710993,2729.6611881889585,1.0,4.0,0.0,4.0
2020-03-18 06:55:00-04:00,2393.251296480194,2729.6611881889585,0.0,1.0,0.0,inf
2020-03-18 07:10:00-04:00,2393.2513463962414,2729.6611881889585,3.0,5.0,0.0,1.6666666666666667
2020-03-18 07:15:00-04:00,2393.251347322555,2729.6611881889585,8.0,28.0,0.0,3.5
2020-03-18 07:25:00-04:00,2393.2513209668355,2729.6611881889585,0.0,27.0,0.0,inf
2020-03-18 07:35:00-04:00,2393.2516204661424,2729.6611881889585,2.0,4.0,0.0,2.0
2020-03-18 07:40:00-04:00,2393.2516283259424,2729.6611881889585,23.0,47.0,0.0,2.0434782608695654
2020-03-18 07:45:00-04:00,2393.2516157865784,2729.6611881889585,0.0,1.0,0.0,inf
2020-03-18 07:50:00-04:00,2393.25162494814,2729.6611881889585,1.0,7.0,0.0,7.0
2020-03-18 08:00:00-04:00,2393.251599292228,2729.6611881889585,48.0,75.0,0.0,1.5625
2020-03-18 08:10:00-04:00,2393.251605849392,2729.6611881889585,3.0,5.0,0.0,1.6666666666666667
2020-03-18 08:15:00-04:00,2393.2515977699213,2729.6611881889585,0.0,7.0,0.0,inf
2020-03-18 08:25:00-04:00,2393.251543412584,2729.6611881889585,3.0,39.0,0.0,13.0
2020-03-18 08:30:00-04:00,2393.2515343431705,2729.6611881889585,28.0,39.0,0.0,1.3928571428571428
2020-03-18 08:35:00-04:00,2393.251568130255,2729.6611881889585,28.0,37.0,0.0,1.3214285714285714
2020-03-18 08:40:00-04:00,2393.2515259740258,2729.6611881889585,4.0,10.0,0.0,2.5
2020-03-18 08:50:00-04:00,2393.2515409836064,2729.6611881889585,12.0,13.0,0.0,1.0833333333333333
2020-03-18 08:55:00-04:00,2393.2515347439917,2729.6611881889585,12.0,13.0,0.0,1.0833333333333333
2020-03-18 09:10:00-04:00,2393.251737249246,2729.6611881889585,0.0,1.0,0.0,inf
2020-03-18 09:15:00-04:00,2393.251708134588,2729.6611881889585,1.0,7.0,0.0,7.0
2020-03-18 09:20:00-04:00,2393.251816312543,2729.6611881889585,39.0,40.0,0.0,1.0256410256410255
2020-03-18 09:25:00-04:00,2393.2513990737166,2729.6611881889585,1.0,2.0,0.0,2.0
2021-06-13 22:20:00-04:00,4240.857142857143,4901.010456063355,279.0,298.0,0.0004126628544478539,1.0681003584229392
2021-06-14 01:25:00-04:00,4240.078571428571,4900.143685364294,71.0,-75.0,0.0001768867924527573,-1.056338028169014
