column,first_valid,last_valid,non_null,null_pct
trade_date,2014-01-02 06:05:00-05:00,2022-07-14 00:30:00-04:00,640734,0.0
wmid,2014-01-02 06:05:00-05:00,2022-07-14 00:30:00-04:00,596953,6.832944716528232
adjMid,2014-01-02 06:05:00-05:00,2022-07-14 00:30:00-04:00,596953,6.832944716528232
volume,2014-01-02 06:05:00-05:00,2022-07-14 00:30:00-04:00,599205,6.481472810870033
cashflow,2014-01-02 06:05:00-05:00,2022-07-14 00:30:00-04:00,599205,6.481472810870033
ret_5m,2014-01-02 06:05:00-05:00,2022-07-14 00:30:00-04:00,590635,7.819001332846391
x1,2014-01-02 06:05:00-05:00,2022-07-13 16:00:00-04:00,333875,47.89179285007507
x2,2014-01-02 06:05:00-05:00,2022-07-13 16:00:00-04:00,333875,47.89179285007507
x3,2014-01-02 06:05:00-05:00,2022-07-13 16:00:00-04:00,333875,47.89179285007507
x4,2014-01-02 06:05:00-05:00,2022-07-13 16:00:00-04:00,329833,48.52263185658948
x5,2014-01-02 06:05:00-05:00,2022-07-13 16:00:00-04:00,329833,48.52263185658948
x6,2014-01-02 06:05:00-05:00,2022-07-13 16:00:00-04:00,329833,48.52263185658948
x7,2017-01-02 19:05:00-05:00,2022-07-14 00:30:00-04:00,346261,45.95869736895498
x8,2017-01-02 19:05:00-05:00,2022-07-14 00:30:00-04:00,346261,45.95869736895498
x9,2017-01-02 19:05:00-05:00,2022-07-14 00:30:00-04:00,346261,45.95869736895498
x10,2017-01-03 15:05:00-05:00,2022-07-13 16:00:00-04:00,16560,97.41546413956493
x11,2017-01-03 15:05:00-05:00,2022-07-13 16:00:00-04:00,16560,97.41546413956493
x12,2017-01-03 15:05:00-05:00,2022-07-13 16:00:00-04:00,16560,97.41546413956493
x13,2017-01-03 07:05:00-05:00,2022-07-13 16:00:00-04:00,152390,76.21633938576696
x14,2017-01-03 07:05:00-05:00,2022-07-13 16:00:00-04:00,152390,76.21633938576696
x15,2017-01-03 07:05:00-05:00,2022-07-13 16:00:00-04:00,152390,76.21633938576696
x16,2017-01-03 07:05:00-05:00,2022-07-13 16:00:00-04:00,152390,76.21633938576696
x17,2017-01-03 07:05:00-05:00,2022-07-13 16:00:00-04:00,152390,76.21633938576696
x18,2017-01-03 07:05:00-05:00,2022-07-13 16:00:00-04:00,152390,76.21633938576696
x19,2014-01-02 09:35:00-05:00,2022-07-13 16:00:00-04:00,163847,74.42823386928117
x20,2014-01-02 09:35:00-05:00,2022-07-13 16:00:00-04:00,163847,74.42823386928117
x21,2014-01-02 09:35:00-05:00,2022-07-13 16:00:00-04:00,163847,74.42823386928117
x22,2014-01-02 09:35:00-05:00,2022-07-13 16:00:00-04:00,159572,75.0954374202087
x23,2014-01-02 09:35:00-05:00,2022-07-13 16:00:00-04:00,159572,75.0954374202087
x24,2014-01-02 09:35:00-05:00,2022-07-13 16:00:00-04:00,159572,75.0954374202087
x25,2014-01-02 09:35:00-05:00,2022-07-13 16:00:00-04:00,153816,75.99378213111837
x26,2014-01-02 09:35:00-05:00,2022-07-13 16:00:00-04:00,153816,75.99378213111837
x27,2014-01-02 09:35:00-05:00,2022-07-13 16:00:00-04:00,153816,75.99378213111837
x28,2014-01-02 09:40:00-05:00,2022-07-13 16:00:00-04:00,74061,88.44122521982601
x29,2014-01-02 09:40:00-05:00,2022-07-13 16:00:00-04:00,74061,88.44122521982601
x30,2014-01-02 09:40:00-05:00,2022-07-13 16:00:00-04:00,74061,88.44122521982601
x31,2014-01-02 09:35:00-05:00,2022-07-13 16:00:00-04:00,166064,74.08222444883525
x32,2014-01-02 09:35:00-05:00,2022-07-13 16:00:00-04:00,166064,74.08222444883525
x33,2014-01-02 09:35:00-05:00,2022-07-13 16:00:00-04:00,166064,74.08222444883525
x34,2014-01-02 09:35:00-05:00,2022-07-13 16:00:00-04:00,161116,74.85446378684446
x35,2014-01-02 09:35:00-05:00,2022-07-13 16:00:00-04:00,161116,74.85446378684446
x36,2014-01-02 09:35:00-05:00,2022-07-13 16:00:00-04:00,161116,74.85446378684446
x37,2014-01-02 09:35:00-05:00,2022-07-13 16:00:00-04:00,168827,73.65100025907788
x38,2014-01-02 09:35:00-05:00,2022-07-13 16:00:00-04:00,168827,73.65100025907788
x39,2014-01-02 09:35:00-05:00,2022-07-13 16:00:00-04:00,168827,73.65100025907788
x40,2014-01-05 19:05:00-05:00,2022-07-14 00:30:00-04:00,446749,30.27543411150337
x41,2014-01-05 19:05:00-05:00,2022-07-14 00:30:00-04:00,446749,30.27543411150337
x42,2014-01-05 19:05:00-05:00,2022-07-14 00:30:00-04:00,446749,30.27543411150337
x43,2014-01-02 09:35:00-05:00,2022-07-13 16:00:00-04:00,168939,73.63352030639861
x44,2014-01-02 09:35:00-05:00,2022-07-13 16:00:00-04:00,168939,73.63352030639861
x45,2014-01-02 09:35:00-05:00,2022-07-13 16:00:00-04:00,168939,73.63352030639861
x46,2017-07-10 09:35:00-04:00,2022-07-13 16:00:00-04:00,99359,84.49294090839568
x47,2017-07-10 09:35:00-04:00,2022-07-13 16:00:00-04:00,99359,84.49294090839568
x48,2017-07-10 09:35:00-04:00,2022-07-13 16:00:00-04:00,99359,84.49294090839568
x49,2014-01-02 09:35:00-05:00,2022-07-13 16:15:00-04:00,172759,73.0373290632306
x50,2014-01-02 09:35:00-05:00,2022-07-13 16:15:00-04:00,172759,73.0373290632306
x51,2014-01-02 09:35:00-05:00,2022-07-13 16:15:00-04:00,172759,73.0373290632306
x52,2014-01-02 09:35:00-05:00,2022-07-13 15:55:00-04:00,167415,73.87137251964153
x53,2014-01-02 09:35:00-05:00,2022-07-13 15:55:00-04:00,167415,73.87137251964153
x54,2014-01-02 09:35:00-05:00,2022-07-13 15:55:00-04:00,167415,73.87137251964153
x55,2014-01-02 06:05:00-05:00,2022-07-14 00:30:00-04:00,480744,24.969800260326437
x56,2014-01-02 06:05:00-05:00,2022-07-14 00:30:00-04:00,480744,24.969800260326437
x57,2014-01-02 06:05:00-05:00,2022-07-14 00:30:00-04:00,480744,24.969800260326437
x58,2014-01-02 06:05:00-05:00,2022-07-13 16:00:00-04:00,338841,47.11674423395668
x59,2014-01-02 06:05:00-05:00,2022-07-13 16:00:00-04:00,338841,47.11674423395668
x60,2014-01-02 06:05:00-05:00,2022-07-13 16:00:00-04:00,338841,47.11674423395668
x61,2014-01-02 09:35:00-05:00,2022-07-13 16:00:00-04:00,168941,73.63320816438646
x62,2014-01-02 09:35:00-05:00,2022-07-13 16:00:00-04:00,168941,73.63320816438646
x63,2014-01-02 09:35:00-05:00,2022-07-13 16:00:00-04:00,168941,73.63320816438646
x64,2014-01-02 06:05:00-05:00,2022-07-14 00:30:00-04:00,374281,41.585587779015945
x65,2014-01-02 06:05:00-05:00,2022-07-14 00:30:00-04:00,374281,41.585587779015945
x66,2014-01-02 06:05:00-05:00,2022-07-14 00:30:00-04:00,374281,41.585587779015945
x67,2022-01-25 09:35:00-05:00,2022-07-13 16:00:00-04:00,9126,98.57569599865155
x68,2022-01-25 09:35:00-05:00,2022-07-13 16:00:00-04:00,9126,98.57569599865155
x69,2022-01-25 09:35:00-05:00,2022-07-13 16:00:00-04:00,9126,98.57569599865155
x70,2014-01-02 09:40:00-05:00,2022-07-13 16:00:00-04:00,155460,75.73720139714764
x71,2014-01-02 09:40:00-05:00,2022-07-13 16:00:00-04:00,155460,75.73720139714764
x72,2014-01-02 09:40:00-05:00,2022-07-13 16:00:00-04:00,155460,75.73720139714764
x73,2014-01-02 09:35:00-05:00,2022-07-13 16:00:00-04:00,147971,76.90601716156783
x74,2014-01-02 09:35:00-05:00,2022-07-13 16:00:00-04:00,147971,76.90601716156783
x75,2014-01-02 09:35:00-05:00,2022-07-13 16:00:00-04:00,147971,76.90601716156783
x76,2014-01-02 06:05:00-05:00,2022-07-13 16:00:00-04:00,338776,47.1268888493509
x77,2014-01-02 06:05:00-05:00,2022-07-13 16:00:00-04:00,338776,47.1268888493509
x78,2014-01-02 06:05:00-05:00,2022-07-13 16:00:00-04:00,338776,47.1268888493509
x79,2014-01-02 07:05:00-05:00,2022-07-13 16:00:00-04:00,234753,63.361863113242
x80,2014-01-02 07:05:00-05:00,2022-07-13 16:00:00-04:00,234753,63.361863113242
x81,2014-01-02 07:05:00-05:00,2022-07-13 16:00:00-04:00,234753,63.361863113242
x82,2017-07-10 07:05:00-04:00,2022-07-13 16:00:00-04:00,138145,78.43957086716172
x83,2017-07-10 07:05:00-04:00,2022-07-13 16:00:00-04:00,138145,78.43957086716172
x84,2017-07-10 07:05:00-04:00,2022-07-13 16:00:00-04:00,138145,78.43957086716172
x85,2014-01-02 07:05:00-05:00,2022-07-13 16:00:00-04:00,234982,63.32612285285314
x86,2014-01-02 07:05:00-05:00,2022-07-13 16:00:00-04:00,234982,63.32612285285314
x87,2014-01-02 07:05:00-05:00,2022-07-13 16:00:00-04:00,234982,63.32612285285314
x88,2017-07-10 07:05:00-04:00,2022-07-13 16:00:00-04:00,138145,78.43957086716172
x89,2017-07-10 07:05:00-04:00,2022-07-13 16:00:00-04:00,138145,78.43957086716172
x90,2017-07-10 07:05:00-04:00,2022-07-13 16:00:00-04:00,138145,78.43957086716172
x91,2014-01-02 07:05:00-05:00,2022-07-13 16:00:00-04:00,234753,63.361863113242
x92,2014-01-02 07:05:00-05:00,2022-07-13 16:00:00-04:00,234753,63.361863113242
x93,2014-01-02 07:05:00-05:00,2022-07-13 16:00:00-04:00,234753,63.361863113242
x94,2014-01-02 09:35:00-05:00,2022-07-13 16:00:00-04:00,159572,75.0954374202087
x95,2014-01-02 09:35:00-05:00,2022-07-13 16:00:00-04:00,159572,75.0954374202087
x96,2014-01-02 09:35:00-05:00,2022-07-13 16:00:00-04:00,159572,75.0954374202087
x97,2014-01-02 09:35:00-05:00,2022-07-13 16:00:00-04:00,153816,75.99378213111837
x98,2014-01-02 09:35:00-05:00,2022-07-13 16:00:00-04:00,153816,75.99378213111837
x99,2014-01-02 09:35:00-05:00,2022-07-13 16:00:00-04:00,153816,75.99378213111837
