feature,coefficient
x1,-5.957542186511652e-06
x2,3.030849342920979e-05
x3,-1.8867195923695044e-05
x4,-4.2480975265317384e-05
x5,5.327769811208743e-05
x6,-2.7464675479767952e-05
x7,5.083691692917209e-06
x8,-2.1064841560914034e-05
x9,9.953831072086859e-06
x10,-0.00011109602576768536
x11,2.1258053445139572e-05
x12,-4.3974618327989995e-05
x13,-1.4090672203447425e-05
x14,1.4661304788331164e-05
x15,-2.2909048360184835e-05
x16,1.5956837327259372e-05
x17,-1.3970527977022569e-05
x18,2.318519758902886e-05
x19,1.705303994721212e-05
x20,-5.39550346543964e-05
x21,5.1174214548480505e-05
x22,3.1608402952124324e-05
x23,1.9993677370915177e-05
x24,-1.1979858560304187e-05
x25,3.9606802406711754e-05
x26,-1.8399119254257712e-05
x27,-6.83924013572786e-05
x28,-5.905781119507172e-05
x29,2.2148484723326895e-05
x30,2.1900369826960614e-05
x31,-1.7642128583092007e-05
x32,3.151568388794838e-05
x33,-3.674049230782333e-05
x34,-9.064893044794787e-05
x35,6.926745416951719e-05
x36,-2.6974501491270812e-05
x37,3.801777316081131e-05
x38,5.7362040332601114e-05
x39,3.8173303598598933e-05
x40,3.222874394421936e-05
x41,-2.403532543572084e-05
x42,9.941275625692097e-06
x43,-2.2463207950731143e-05
x44,-1.4214389927516634e-05
x45,6.4826438521567085e-06
x46,-1.6327478430320126e-05
x47,-6.822249386154413e-05
x48,1.325091990571168e-05
x49,-7.187948655398545e-05
x50,-6.621675086363986e-05
x51,3.841999708285265e-05
x52,0.00014395574046411887
x53,-4.3862366446852755e-05
x54,1.9193943187464598e-06
x55,5.20446271893523e-06
x56,1.2224648298943305e-05
x57,8.007050467545404e-06
x58,4.483701713579415e-05
x59,6.2671309786610525e-06
x60,-3.609241181836984e-06
x61,3.5023257139004005e-05
x62,4.525463765727703e-05
x63,-3.3957449387353054e-05
x64,2.4213594005540586e-05
x65,-3.7919683670150474e-05
x66,2.7429919017651013e-05
x67,5.293089050258497e-06
x68,-3.5611439419004673e-06
x69,-6.5672211356120005e-06
x70,-4.847568511186952e-05
x71,-5.150118282613722e-05
x72,4.8846548905132637e-05
x73,3.127818878272364e-05
x74,2.938405811220179e-05
x75,-3.419643587781197e-05
x76,-4.256105009354402e-05
x77,5.471138916420409e-05
x78,-4.3804979504759816e-05
x79,-3.06080711530767e-05
x80,3.891347006455135e-05
x81,7.039649897271251e-07
x82,1.6210282820429147e-05
x83,1.3030059653737166e-05
x84,-8.495802515523637e-06
x85,-3.789828159098916e-05
x86,3.450921090805121e-05
x87,5.566241646369427e-05
x88,-2.4520154859534175e-06
x89,6.228611017158546e-05
x90,-2.390992613618937e-05
x91,8.467081911129683e-07
x92,1.3435622979205807e-05
x93,-4.2579149810026404e-05
x94,-4.223331331208255e-06
x95,3.155605690648024e-05
x96,3.485891203288604e-05
x97,-4.1888987921681625e-05
x98,1.547161255051718e-05
x99,-1.5800244524516772e-05
x100,-4.671279433272713e-06
